Course_ID,Student_ID
1,61
1,62
1,63
1,64
1,65
1,66
1,67
1,68
1,69
1,70
1,71
1,72
1,73
1,74
1,75
1,76
1,77
1,78
1,79
1,80
1,81
1,82
1,83
1,84
1,85
1,86
1,87
1,88
1,89
1,90
1,91
1,92
1,93
1,94
1,95
1,96
1,97
1,98
1,99
1,100
1,101
1,102
1,103
1,104
1,105
2,1
2,2
2,3
2,4
2,5
2,6
2,7
2,8
2,9
2,10
2,11
2,12
2,13
2,14
2,15
2,16
2,17
2,18
2,19
2,20
2,21
2,22
2,23
2,24
2,25
2,26
2,27
2,28
2,29
2,30
2,31
2,32
2,33
2,34
2,35
2,36
2,37
2,38
2,39
2,40
2,41
2,42
2,43
2,44
2,45
2,46
2,47
2,48
2,49
2,50
2,51
2,52
2,53
2,54
2,55
2,56
2,57
2,58
2,59
2,60
2,61
2,62
2,63
2,64
2,65
2,66
2,67
2,68
2,69
2,70
2,71
2,72
2,73
2,74
2,75
2,76
2,77
2,78
2,79
2,80
2,81
2,82
2,83
2,84
2,85
2,86
2,87
2,88
2,89
2,90
2,91
2,92
2,93
2,94
2,95
2,96
2,97
2,98
2,99
2,100
2,101
2,102
2,103
2,104
2,105
2,286
2,287
2,288
2,289
2,290
2,291
2,292
2,293
2,294
2,295
2,296
2,297
2,298
2,299
2,300
2,301
2,302
2,303
2,304
2,305
2,306
2,307
2,308
2,309
2,310
2,311
2,312
2,313
2,314
2,315
2,316
2,317
2,318
2,319
2,320
2,321
2,322
2,323
2,324
2,325
2,326
2,327
2,328
2,329
2,330
2,331
2,332
2,333
2,334
2,335
2,336
2,337
2,338
2,339
2,340
2,341
2,342
2,343
2,344
2,345
2,346
2,347
2,348
2,349
2,350
2,351
2,352
2,353
2,354
2,355
2,356
2,357
2,358
2,359
2,360
2,361
2,362
2,363
2,364
2,365
2,366
2,367
2,368
2,369
2,370
2,371
2,372
2,373
2,374
2,375
3,1
3,2
3,3
3,4
3,5
3,6
3,7
3,8
3,9
3,10
3,11
3,12
3,13
3,14
3,15
3,16
3,17
3,18
3,19
3,20
3,21
3,22
3,23
3,24
3,25
3,26
3,27
3,28
3,29
3,30
3,31
3,32
3,33
3,34
3,35
3,36
3,37
3,38
3,39
3,40
3,41
3,42
3,43
3,44
3,45
3,46
3,47
3,48
3,49
3,50
3,51
3,52
3,53
3,54
3,55
3,56
3,57
3,58
3,59
3,60
3,61
3,62
3,63
3,64
3,65
3,66
3,67
3,68
3,69
3,70
3,71
3,72
3,73
3,74
3,75
3,76
3,77
3,78
3,79
3,80
3,81
3,82
3,83
3,84
3,85
3,86
3,87
3,88
3,89
3,90
3,91
3,92
3,93
3,94
3,95
3,96
3,97
3,98
3,99
3,100
3,101
3,102
3,103
3,104
3,105
3,286
3,287
3,288
3,289
3,290
3,291
3,292
3,293
3,294
3,295
3,296
3,297
3,298
3,299
3,300
3,301
3,302
3,303
3,304
3,305
3,306
3,307
3,308
3,309
3,310
3,311
3,312
3,313
3,314
3,315
3,316
3,317
3,318
3,319
3,320
3,321
3,322
3,323
3,324
3,325
3,326
3,327
3,328
3,329
3,330
3,331
3,332
3,333
3,334
3,335
3,336
3,337
3,338
3,339
3,340
3,341
3,342
3,343
3,344
3,345
3,346
3,347
3,348
3,349
3,350
3,351
3,352
3,353
3,354
3,355
3,356
3,357
3,358
3,359
3,360
3,361
3,362
3,363
3,364
3,365
3,366
3,367
3,368
3,369
3,370
3,371
3,372
3,373
3,374
3,375
4,1
4,2
4,3
4,4
4,5
4,6
4,7
4,8
4,9
4,10
4,11
4,12
4,13
4,14
4,15
4,16
4,17
4,18
4,19
4,20
4,21
4,22
4,23
4,24
4,25
4,26
4,27
4,28
4,29
4,30
4,31
4,32
4,33
4,34
4,35
4,36
4,37
4,38
4,39
4,40
4,41
4,42
4,43
4,44
4,45
4,46
4,47
4,48
4,49
4,50
4,51
4,52
4,53
4,54
4,55
4,56
4,57
4,58
4,59
4,60
4,61
4,62
4,63
4,64
4,65
4,66
4,67
4,68
4,69
4,70
4,71
4,72
4,73
4,74
4,75
4,76
4,77
4,78
4,79
4,80
4,81
4,82
4,83
4,84
4,85
4,86
4,87
4,88
4,89
4,90
4,91
4,92
4,93
4,94
4,95
4,96
4,97
4,98
4,99
4,100
4,101
4,102
4,103
4,104
4,105
4,106
4,107
4,108
4,109
4,110
4,111
4,112
4,113
4,114
4,115
4,116
4,117
4,118
4,119
4,120
4,121
4,122
4,123
4,124
4,125
4,126
4,127
4,128
4,129
4,130
4,131
4,132
4,133
4,134
4,135
4,136
4,137
4,138
4,139
4,140
4,141
4,142
4,143
4,144
4,145
4,146
4,147
4,148
4,149
4,150
4,151
4,152
4,153
4,154
4,155
4,156
4,157
4,158
4,159
4,160
4,161
4,162
4,163
4,164
4,165
4,166
4,167
4,168
4,169
4,170
4,171
4,172
4,173
4,174
4,175
4,176
4,177
4,178
4,179
4,180
4,181
4,182
4,183
4,184
4,185
4,186
4,187
4,188
4,189
4,190
4,191
4,192
4,193
4,194
4,195
4,196
4,197
4,198
4,199
4,200
4,201
4,202
4,203
4,204
4,205
4,206
4,207
4,208
4,209
4,210
4,211
4,212
4,213
4,214
4,215
4,216
4,217
4,218
4,219
4,220
4,221
4,222
4,223
4,224
4,225
4,226
4,227
4,228
4,229
4,230
4,231
4,232
4,233
4,234
4,235
4,236
4,237
4,238
4,239
4,240
4,241
4,242
4,243
4,244
4,245
4,246
4,247
4,248
4,249
4,250
4,251
4,252
4,253
4,254
4,255
4,256
4,257
4,258
4,259
4,260
4,261
4,262
4,263
4,264
4,265
4,266
4,267
4,268
4,269
4,270
4,271
4,272
4,273
4,274
4,275
4,276
4,277
4,278
4,279
4,280
4,281
4,282
4,283
4,284
4,285
5,1
5,2
5,3
5,4
5,5
5,6
5,7
5,8
5,9
5,10
5,11
5,12
5,13
5,14
5,15
5,16
5,17
5,18
5,19
5,20
5,21
5,22
5,23
5,24
5,25
5,26
5,27
5,28
5,29
5,30
5,31
5,32
5,33
5,34
5,35
5,36
5,37
5,38
5,39
5,40
5,41
5,42
5,43
5,44
5,45
5,46
5,47
5,48
5,49
5,50
5,51
5,52
5,53
5,54
5,55
5,56
5,57
5,58
5,59
5,60
5,61
5,62
5,63
5,64
5,65
5,66
5,67
5,68
5,69
5,70
5,71
5,72
5,73
5,74
5,75
5,76
5,77
5,78
5,79
5,80
5,81
5,82
5,83
5,84
5,85
5,86
5,87
5,88
5,89
5,90
5,91
5,92
5,93
5,94
5,95
5,96
5,97
5,98
5,99
5,100
5,101
5,102
5,103
5,104
5,105
5,106
5,107
5,108
5,109
5,110
5,111
5,112
5,113
5,114
5,115
5,116
5,117
5,118
5,119
5,120
5,121
5,122
5,123
5,124
5,125
5,126
5,127
5,128
5,129
5,130
5,131
5,132
5,133
5,134
5,135
5,136
5,137
5,138
5,139
5,140
5,141
5,142
5,143
5,144
5,145
5,146
5,147
5,148
5,149
5,150
5,151
5,152
5,153
5,154
5,155
5,156
5,157
5,158
5,159
5,160
5,161
5,162
5,163
5,164
5,165
5,166
5,167
5,168
5,169
5,170
5,171
5,172
5,173
5,174
5,175
5,176
5,177
5,178
5,179
5,180
5,181
5,182
5,183
5,184
5,185
5,186
5,187
5,188
5,189
5,190
5,191
5,192
5,193
5,194
5,195
5,196
5,197
5,198
5,199
5,200
5,201
5,202
5,203
5,204
5,205
5,206
5,207
5,208
5,209
5,210
5,211
5,212
5,213
5,214
5,215
5,216
5,217
5,218
5,219
5,220
5,221
5,222
5,223
5,224
5,225
5,226
5,227
5,228
5,229
5,230
5,231
5,232
5,233
5,234
5,235
5,236
5,237
5,238
5,239
5,240
5,241
5,242
5,243
5,244
5,245
5,246
5,247
5,248
5,249
5,250
5,251
5,252
5,253
5,254
5,255
5,256
5,257
5,258
5,259
5,260
5,261
5,262
5,263
5,264
5,265
5,266
5,267
5,268
5,269
5,270
5,271
5,272
5,273
5,274
5,275
5,276
5,277
5,278
5,279
5,280
5,281
5,282
5,283
5,284
5,285
6,1
6,2
6,3
6,4
6,5
6,6
6,7
6,8
6,9
6,10
6,11
6,12
6,13
6,14
6,15
6,16
6,17
6,18
6,19
6,20
6,21
6,22
6,23
6,24
6,25
6,26
6,27
6,28
6,29
6,30
6,31
6,32
6,33
6,34
6,35
6,36
6,37
6,38
6,39
6,40
6,41
6,42
6,43
6,44
6,45
6,46
6,47
6,48
6,49
6,50
6,51
6,52
6,53
6,54
6,55
6,56
6,57
6,58
6,59
6,60
6,61
6,62
6,63
6,64
6,65
6,66
6,67
6,68
6,69
6,70
6,71
6,72
6,73
6,74
6,75
6,76
6,77
6,78
6,79
6,80
6,81
6,82
6,83
6,84
6,85
6,86
6,87
6,88
6,89
6,90
6,91
6,92
6,93
6,94
6,95
6,96
6,97
6,98
6,99
6,100
6,101
6,102
6,103
6,104
6,105
6,151
6,152
6,153
6,154
6,155
6,156
6,157
6,158
6,159
6,160
6,161
6,162
6,163
6,164
6,165
6,166
6,167
6,168
6,169
6,170
6,171
6,172
6,173
6,174
6,175
6,176
6,177
6,178
6,179
6,180
6,181
6,182
6,183
6,184
6,185
6,186
6,187
6,188
6,189
6,190
6,191
6,192
6,193
6,194
6,195
6,196
6,197
6,198
6,199
6,200
6,201
6,202
6,203
6,204
6,205
6,206
6,207
6,208
6,209
6,210
6,211
6,212
6,213
6,214
6,215
6,216
6,217
6,218
6,219
6,220
6,221
6,222
6,223
6,224
6,225
6,286
6,287
6,288
6,289
6,290
6,291
6,292
6,293
6,294
6,295
6,296
6,297
6,298
6,299
6,300
6,301
6,302
6,303
6,304
6,305
6,306
6,307
6,308
6,309
6,310
6,311
6,312
6,313
6,314
6,315
6,316
6,317
6,318
6,319
6,320
6,321
6,322
6,323
6,324
6,325
6,326
6,327
6,328
6,329
6,330
6,331
6,332
6,333
6,334
6,335
6,336
6,337
6,338
6,339
6,340
6,341
6,342
6,343
6,344
6,345
6,346
6,347
6,348
6,349
6,350
6,351
6,352
6,353
6,354
6,355
6,356
6,357
6,358
6,359
6,360
6,361
6,362
6,363
6,364
6,365
6,366
6,367
6,368
6,369
6,370
6,371
6,372
6,373
6,374
6,375
7,1
7,2
7,3
7,4
7,5
7,6
7,7
7,8
7,9
7,10
7,11
7,12
7,13
7,14
7,15
7,16
7,17
7,18
7,19
7,20
7,21
7,22
7,23
7,24
7,25
7,26
7,27
7,28
7,29
7,30
7,31
7,32
7,33
7,34
7,35
7,36
7,37
7,38
7,39
7,40
7,41
7,42
7,43
7,44
7,45
7,46
7,47
7,48
7,49
7,50
7,51
7,52
7,53
7,54
7,55
7,56
7,57
7,58
7,59
7,60
7,61
7,62
7,63
7,64
7,65
7,66
7,67
7,68
7,69
7,70
7,71
7,72
7,73
7,74
7,75
7,76
7,77
7,78
7,79
7,80
7,81
7,82
7,83
7,84
7,85
7,86
7,87
7,88
7,89
7,90
7,91
7,92
7,93
7,94
7,95
7,96
7,97
7,98
7,99
7,100
7,101
7,102
7,103
7,104
7,105
8,1
8,2
8,3
8,4
8,5
8,6
8,7
8,8
8,9
8,10
8,11
8,12
8,13
8,14
8,15
8,16
8,17
8,18
8,19
8,20
8,21
8,22
8,23
8,24
8,25
8,26
8,27
8,28
8,29
8,30
8,31
8,32
8,33
8,34
8,35
8,36
8,37
8,38
8,39
8,40
8,41
8,42
8,43
8,44
8,45
8,46
8,47
8,48
8,49
8,50
8,51
8,52
8,53
8,54
8,55
8,56
8,57
8,58
8,59
8,60
8,61
8,62
8,63
8,64
8,65
8,66
8,67
8,68
8,69
8,70
8,71
8,72
8,73
8,74
8,75
8,76
8,77
8,78
8,79
8,80
8,81
8,82
8,83
8,84
8,85
8,86
8,87
8,88
8,89
8,90
8,91
8,92
8,93
8,94
8,95
8,96
8,97
8,98
8,99
8,100
8,101
8,102
8,103
8,104
8,105
8,151
8,152
8,153
8,154
8,155
8,156
8,157
8,158
8,159
8,160
8,161
8,162
8,163
8,164
8,165
8,166
8,167
8,168
8,169
8,170
8,171
8,172
8,173
8,174
8,175
8,176
8,177
8,178
8,179
8,180
8,181
8,182
8,183
8,184
8,185
8,186
8,187
8,188
8,189
8,190
8,191
8,192
8,193
8,194
8,195
8,196
8,197
8,198
8,199
8,200
8,201
8,202
8,203
8,204
8,205
8,206
8,207
8,208
8,209
8,210
8,211
8,212
8,213
8,214
8,215
8,216
8,217
8,218
8,219
8,220
8,221
8,222
8,223
8,224
8,225
9,61
9,62
9,63
9,64
9,65
9,66
9,67
9,68
9,69
9,70
9,71
9,72
9,73
9,74
9,75
9,76
9,77
9,78
9,79
9,80
9,81
9,82
9,83
9,84
9,85
9,86
9,87
9,88
9,89
9,90
9,91
9,92
9,93
9,94
9,95
9,96
9,97
9,98
9,99
9,100
9,101
9,102
9,103
9,104
9,105
9,121
9,122
9,123
9,124
9,125
9,126
9,127
9,128
9,129
9,130
9,131
9,132
9,133
9,134
9,135
9,181
9,182
9,183
9,184
9,185
9,186
9,187
9,188
9,189
9,190
9,191
9,192
9,193
9,194
9,195
9,196
9,197
9,198
9,199
9,200
9,201
9,202
9,203
9,204
9,205
9,206
9,207
9,208
9,209
9,210
9,211
9,212
9,213
9,214
9,215
9,216
9,217
9,218
9,219
9,220
9,221
9,222
9,223
9,224
9,225
9,271
9,272
9,273
9,274
9,275
9,276
9,277
9,278
9,279
9,280
9,281
9,282
9,283
9,284
9,285
10,61
10,62
10,63
10,64
10,65
10,66
10,67
10,68
10,69
10,70
10,71
10,72
10,73
10,74
10,75
10,76
10,77
10,78
10,79
10,80
10,81
10,82
10,83
10,84
10,85
10,86
10,87
10,88
10,89
10,90
11,61
11,62
11,63
11,64
11,65
11,66
11,67
11,68
11,69
11,70
11,71
11,72
11,73
11,74
11,75
12,106
12,107
12,108
12,109
12,110
12,111
12,112
12,113
12,114
12,115
12,116
12,117
12,118
12,119
12,120
12,121
12,122
12,123
12,124
12,125
12,126
12,127
12,128
12,129
12,130
12,131
12,132
12,133
12,134
12,135
12,136
12,137
12,138
12,139
12,140
12,141
12,142
12,143
12,144
12,145
12,146
12,147
12,148
12,149
12,150
13,121
13,122
13,123
13,124
13,125
13,126
13,127
13,128
13,129
13,130
13,131
13,132
13,133
13,134
13,135
14,106
14,107
14,108
14,109
14,110
14,111
14,112
14,113
14,114
14,115
14,116
14,117
14,118
14,119
14,120
14,121
14,122
14,123
14,124
14,125
14,126
14,127
14,128
14,129
14,130
14,131
14,132
14,133
14,134
14,135
14,136
14,137
14,138
14,139
14,140
14,141
14,142
14,143
14,144
14,145
14,146
14,147
14,148
14,149
14,150
14,151
14,152
14,153
14,154
14,155
14,156
14,157
14,158
14,159
14,160
14,161
14,162
14,163
14,164
14,165
14,166
14,167
14,168
14,169
14,170
14,171
14,172
14,173
14,174
14,175
14,176
14,177
14,178
14,179
14,180
14,181
14,182
14,183
14,184
14,185
14,186
14,187
14,188
14,189
14,190
14,191
14,192
14,193
14,194
14,195
14,196
14,197
14,198
14,199
14,200
14,201
14,202
14,203
14,204
14,205
14,206
14,207
14,208
14,209
14,210
14,211
14,212
14,213
14,214
14,215
14,216
14,217
14,218
14,219
14,220
14,221
14,222
14,223
14,224
14,225
14,226
14,227
14,228
14,229
14,230
14,231
14,232
14,233
14,234
14,235
14,236
14,237
14,238
14,239
14,240
14,241
14,242
14,243
14,244
14,245
14,246
14,247
14,248
14,249
14,250
14,251
14,252
14,253
14,254
14,255
14,256
14,257
14,258
14,259
14,260
14,261
14,262
14,263
14,264
14,265
14,266
14,267
14,268
14,269
14,270
14,271
14,272
14,273
14,274
14,275
14,276
14,277
14,278
14,279
14,280
14,281
14,282
14,283
14,284
14,285
15,106
15,107
15,108
15,109
15,110
15,111
15,112
15,113
15,114
15,115
15,116
15,117
15,118
15,119
15,120
15,121
15,122
15,123
15,124
15,125
15,126
15,127
15,128
15,129
15,130
15,131
15,132
15,133
15,134
15,135
15,136
15,137
15,138
15,139
15,140
15,141
15,142
15,143
15,144
15,145
15,146
15,147
15,148
15,149
15,150
16,136
16,137
16,138
16,139
16,140
16,141
16,142
16,143
16,144
16,145
16,146
16,147
16,148
16,149
16,150
17,151
17,152
17,153
17,154
17,155
17,156
17,157
17,158
17,159
17,160
17,161
17,162
17,163
17,164
17,165
17,166
17,167
17,168
17,169
17,170
17,171
17,172
17,173
17,174
17,175
17,176
17,177
17,178
17,179
17,180
17,181
17,182
17,183
17,184
17,185
17,186
17,187
17,188
17,189
17,190
17,191
17,192
17,193
17,194
17,195
17,196
17,197
17,198
17,199
17,200
17,201
17,202
17,203
17,204
17,205
17,206
17,207
17,208
17,209
17,210
17,211
17,212
17,213
17,214
17,215
17,216
17,217
17,218
17,219
17,220
17,221
17,222
17,223
17,224
17,225
17,226
17,227
17,228
17,229
17,230
17,231
17,232
17,233
17,234
17,235
17,236
17,237
17,238
17,239
17,240
17,241
17,242
17,243
17,244
17,245
17,246
17,247
17,248
17,249
17,250
17,251
17,252
17,253
17,254
17,255
17,256
17,257
17,258
17,259
17,260
17,261
17,262
17,263
17,264
17,265
17,266
17,267
17,268
17,269
17,270
17,271
17,272
17,273
17,274
17,275
17,276
17,277
17,278
17,279
17,280
17,281
17,282
17,283
17,284
17,285
18,151
18,152
18,153
18,154
18,155
18,156
18,157
18,158
18,159
18,160
18,161
18,162
18,163
18,164
18,165
18,166
18,167
18,168
18,169
18,170
18,171
18,172
18,173
18,174
18,175
18,176
18,177
18,178
18,179
18,180
18,181
18,182
18,183
18,184
18,185
18,186
18,187
18,188
18,189
18,190
18,191
18,192
18,193
18,194
18,195
18,196
18,197
18,198
18,199
18,200
18,201
18,202
18,203
18,204
18,205
18,206
18,207
18,208
18,209
18,210
18,211
18,212
18,213
18,214
18,215
18,216
18,217
18,218
18,219
18,220
18,221
18,222
18,223
18,224
18,225
19,181
19,182
19,183
19,184
19,185
19,186
19,187
19,188
19,189
19,190
19,191
19,192
19,193
19,194
19,195
20,196
20,197
20,198
20,199
20,200
20,201
20,202
20,203
20,204
20,205
20,206
20,207
20,208
20,209
20,210
20,211
20,212
20,213
20,214
20,215
20,216
20,217
20,218
20,219
20,220
20,221
20,222
20,223
20,224
20,225
21,271
21,272
21,273
21,274
21,275
21,276
21,277
21,278
21,279
21,280
21,281
21,282
21,283
21,284
21,285
22,226
22,227
22,228
22,229
22,230
22,231
22,232
22,233
22,234
22,235
22,236
22,237
22,238
22,239
22,240
22,241
22,242
22,243
22,244
22,245
22,246
22,247
22,248
22,249
22,250
22,251
22,252
22,253
22,254
22,255
22,256
22,257
22,258
22,259
22,260
22,261
22,262
22,263
22,264
22,265
22,266
22,267
22,268
22,269
22,270
22,271
22,272
22,273
22,274
22,275
22,276
22,277
22,278
22,279
22,280
22,281
22,282
22,283
22,284
22,285
23,286
23,287
23,288
23,289
23,290
23,291
23,292
23,293
23,294
23,295
23,296
23,297
23,298
23,299
23,300
23,301
23,302
23,303
23,304
23,305
23,306
23,307
23,308
23,309
23,310
23,311
23,312
23,313
23,314
23,315
23,316
23,317
23,318
23,319
23,320
23,321
23,322
23,323
23,324
23,325
23,326
23,327
23,328
23,329
23,330
23,331
23,332
23,333
23,334
23,335
23,336
23,337
23,338
23,339
23,340
23,341
23,342
23,343
23,344
23,345
23,346
23,347
23,348
23,349
23,350
23,351
23,352
23,353
23,354
23,355
23,356
23,357
23,358
23,359
23,360
23,361
23,362
23,363
23,364
23,365
23,366
23,367
23,368
23,369
23,370
23,371
23,372
23,373
23,374
23,375
24,286
24,287
24,288
24,289
24,290
24,291
24,292
24,293
24,294
24,295
24,296
24,297
24,298
24,299
24,300
24,301
24,302
24,303
24,304
24,305
24,306
24,307
24,308
24,309
24,310
24,311
24,312
24,313
24,314
24,315
25,286
25,287
25,288
25,289
25,290
25,291
25,292
25,293
25,294
25,295
25,296
25,297
25,298
25,299
25,300
25,301
25,302
25,303
25,304
25,305
25,306
25,307
25,308
25,309
25,310
25,311
25,312
25,313
25,314
25,315
25,316
25,317
25,318
25,319
25,320
25,321
25,322
25,323
25,324
25,325
25,326
25,327
25,328
25,329
25,330
25,331
25,332
25,333
25,334
25,335
25,336
25,337
25,338
25,339
25,340
25,341
25,342
25,343
25,344
25,345
25,346
25,347
25,348
25,349
25,350
25,351
25,352
25,353
25,354
25,355
25,356
25,357
25,358
25,359
25,360
25,361
25,362
25,363
25,364
25,365
25,366
25,367
25,368
25,369
25,370
25,371
25,372
25,373
25,374
25,375
25,376
25,377
25,378
25,379
25,380
25,381
25,382
25,383
25,384
25,385
25,386
25,387
25,388
25,389
25,390
25,391
25,392
25,393
25,394
25,395
25,396
25,397
25,398
25,399
25,400
25,401
25,402
25,403
25,404
25,405
26,346
26,347
26,348
26,349
26,350
26,351
26,352
26,353
26,354
26,355
26,356
26,357
26,358
26,359
26,360
26,361
26,362
26,363
26,364
26,365
26,366
26,367
26,368
26,369
26,370
26,371
26,372
26,373
26,374
26,375
26,376
26,377
26,378
26,379
26,380
26,381
26,382
26,383
26,384
26,385
26,386
26,387
26,388
26,389
26,390
27,346
27,347
27,348
27,349
27,350
27,351
27,352
27,353
27,354
27,355
27,356
27,357
27,358
27,359
27,360
28,376
28,377
28,378
28,379
28,380
28,381
28,382
28,383
28,384
28,385
28,386
28,387
28,388
28,389
28,390
28,391
28,392
28,393
28,394
28,395
28,396
28,397
28,398
28,399
28,400
28,401
28,402
28,403
28,404
28,405
29,376
29,377
29,378
29,379
29,380
29,381
29,382
29,383
29,384
29,385
29,386
29,387
29,388
29,389
29,390
29,391
29,392
29,393
29,394
29,395
29,396
29,397
29,398
29,399
29,400
29,401
29,402
29,403
29,404
29,405
30,376
30,377
30,378
30,379
30,380
30,381
30,382
30,383
30,384
30,385
30,386
30,387
30,388
30,389
30,390
30,391
30,392
30,393
30,394
30,395
30,396
30,397
30,398
30,399
30,400
30,401
30,402
30,403
30,404
30,405
31,406
31,407
31,408
31,409
31,410
31,411
31,412
31,413
31,414
31,415
31,416
31,417
31,418
31,419
31,420
31,421
31,422
31,423
31,424
31,425
31,426
31,427
31,428
31,429
31,430
31,431
31,432
31,433
31,434
31,435
31,436
31,437
31,438
31,439
31,440
31,441
31,442
31,443
31,444
31,445
31,446
31,447
31,448
31,449
31,450
31,451
31,452
31,453
31,454
31,455
31,456
31,457
31,458
31,459
31,460
31,461
31,462
31,463
31,464
31,465
32,406
32,407
32,408
32,409
32,410
32,411
32,412
32,413
32,414
32,415
32,416
32,417
32,418
32,419
32,420
32,421
32,422
32,423
32,424
32,425
32,426
32,427
32,428
32,429
32,430
32,431
32,432
32,433
32,434
32,435
32,436
32,437
32,438
32,439
32,440
32,441
32,442
32,443
32,444
32,445
32,446
32,447
32,448
32,449
32,450
32,451
32,452
32,453
32,454
32,455
32,456
32,457
32,458
32,459
32,460
32,461
32,462
32,463
32,464
32,465
33,436
33,437
33,438
33,439
33,440
33,441
33,442
33,443
33,444
33,445
33,446
33,447
33,448
33,449
33,450
33,451
33,452
33,453
33,454
33,455
33,456
33,457
33,458
33,459
33,460
33,461
33,462
33,463
33,464
33,465
34,451
34,452
34,453
34,454
34,455
34,456
34,457
34,458
34,459
34,460
34,461
34,462
34,463
34,464
34,465